id,number,org
2137,190060480212,MUI
1001,40013400900,MUI
179,,MUI
1140,,MUI
2727,9080008740917,MUI
2213,260064150213,MUI
2406,,MUI
2781,80087140218,MUI
2726,80042661206,MUI
3512,200070911114,MUI
2438,,MUI
3305,310077980716,MUI
1335,240055420610,MUI
1153,,MUI
2139,190053880210,MUI
1795,,MUI
2399,,MUI
3430,90010610899,MUI
2504,,MUI
2424,,MUI
2417,,MUI
675,,MUI
1029,40052491009,MUI
831,15010001450907,MUI
2082,190055930810,MUI
724,,MUI
829,10067451213,MUI
1783,,MUI
2144,190084160817,MUI
2749,80015780601,MUI
2735,80032201004,MUI
2410,,MUI
1797,,MUI
1254,60072500515,MUI
1653,40082410417,MUI
2439,,MUI
2140,190057011210,MUI
827,15010027291017,MUI
222,,MUI
491,0,MUI
1174,,MUI
2505,,MUI
852,120017110901,MUI
833,15010002670609,MUI
633,,MUI
644,,MUI
422,0,MUI
2118,7190038500217,MUI
691,,MUI
673,,MUI
3299,310057760311,MUI
896,60010310699,MUI
3065,220073590815,MUI
1312,60022781002,MUI
878,10011101099,MUI
662,,MUI
3260,,MUI
2725,80058020411,MUI
637,,MUI
3536,200058010411,MUI
834,10041970906,MUI
2423,,MUI
1308,60046291207,MUI
1118,,MUI
3251,,MUI
2897,230069850814,MUI
2782,80043590307,MUI
1718,,MUI
2218,260021960902,MUI
3309,310058520611,MUI
671,,MUI
999,40082650517,MUI
1307,60075380116,MUI
994,40046970208,MUI
3274,310068050214,MUI
914,60064250213,MUI
3570,200023121102,MUI
1252,60008910908,MUI
2398,,MUI
996,40079181016,MUI
3250,,MUI
2217,260032970105,MUI
678,,MUI
2100,190064520313,MUI
631,,MUI
1743,,MUI
2266,260043260207,MUI
1025,40084200817,MUI
1122,,MUI
876,15010028301117,MUI
866,10083210617,MUI
1152,,MUI
2148,190085581117,MUI
3325,310082550417,MUI
1883,,MUI
923,,MUI
3253,,MUI
3276,310051520809,MUI
668,,MUI
2734,80007461297,MUI
2146,190006450997,MUI
1721,,MUI
3618,9200004881113,MUI
1151,,MUI
3558,1201201670118,MUI
895,120017110901,MUI
832,15010004430511,MUI
2780,80022571002,MUI
3308,310077480616,MUI
2899,230065670713,MUI
2775,80079231016,MUI
2427,,MUI
877,15010028611217,MUI
2390,,MUI
1659,40049410109,MUI
1309,60066911113,MUI
920,100005340597,MUI
825,15010025510517,MUI
695,,MUI
2121,190072920615,MUI
669,,MUI
2152,190085780917,MUI
997,40080081216,MUI
3311,310067630114,MUI
432,0,MUI
2414,,MUI
2142,190073160615,MUI
2408,,MUI
3306,310034010405,MUI
1306,60083760717,MUI
3073,220077190516,MUI
2728,80011701299,MUI
3620,200069200614,MUI
1270,60086620118,MUI
1000,40058070411,MUI
1142,,MUI
1177,,MUI
3071,220054620410,MUI
690,,MUI
1787,,MUI
1723,,MUI
2731,80035670705,MUI
2421,,MUI
1139,,MUI
3310,310061400212,MUI
672,,MUI
2147,190060400212,MUI
2405,,MUI
2428,,MUI
2425,,MUI
3621,151000023940217,MUI
2437,,MUI
1171,,MUI
689,,MUI
3248,,MUI
2412,,MUI
1848,,MUI
2409,,MUI
1720,,MUI
3436,9090002410808,MUI
1120,,MUI
1154,,MUI
697,,MUI
1658,40023221102,MUI
1314,60072520515,MUI
1156,,MUI
699,,MUI
1123,,MUI
2440,,MUI
2422,,MUI
1253,60030490704,MUI
3252,,MUI
1172,,MUI
2094,190082140417,MUI
3437,90005900797,MUI
2216,260073030615,MUI
2411,,MUI
1271,60035370605,MUI
3324,310035560705,MUI
3622,200071251214,MUI
694,,MUI
2739,80086011117,MUI
1126,,MUI
3323,310087430218,MUI
3322,310063341212,MUI
2415,,MUI
2391,,MUI
3298,310072860515,MUI
2426,,MUI
2095,190068740414,MUI
183,,MUI
1311,60064260213,MUI
2413,,MUI
3303,310070761114,MUI
3272,310076930516,MUI
2153,190076220316,MUI
872,10060390212,MUI
2120,190082740517,MUI
635,,MUI
2141,190063471212,MUI
830,10026501003,MUI
701,,MUI
874,10084570917,MUI
2212,260057300111,MUI
3302,310086411217,MUI
1851,,MUI
922,,MUI
2430,,MUI
670,,MUI
2779,80019480302,MUI
3600,15120022531016,MUI
3068,220058290411,MUI
703,,MUI
2222,260041170706,MUI
2058,190082540417,MUI
4522,,MUI
900,90000300799,MUI
855,10048090508,MUI
1417,60000421298,MUI
4999,,MUI
875,10026961003,MUI
5049,,MUI
3551,9200008720817,MUI
3563,9100006730915,MUI
1661,40048380708,MUI
3016,220079961116,MUI
4162,,MUI
2084,190069770814,MUI
5025,,MUI
1911,0,MUI
3784,,MUI
6106,,MUI
4342,,MUI
4151,,MUI
1403,60081940317,MUI
1442,60069800814,MUI
5001,,MUI
4473,,MUI
2903,230017711001,MUI
5024,,MUI
5334,,MUI
862,3010018470917,MUI
2098,190070160914,MUI
871,10007890398,MUI
3829,,MUI
3316,310074351015,MUI
5861,,MUI
3520,200086091217,MUI
5855,,MUI
1825,60038330206,MUI
3507,200068670414,MUI
804,3010015060916,MUI
1399,1061057560611,MUI
1397,60071450115,MUI
3540,200067820114,MUI
1275,60067780114,MUI
3800,,MUI
4505,,MUI
1833,60063790113,MUI
4161,,MUI
1337,240079431116,MUI
1341,240070661014,MUI
3771,,MUI
5356,,MUI
1334,240042020906,MUI
4555,,MUI
1267,60080241216,MUI
3082,330071101214,MUI
4915,,MUI
4465,,MUI
2732,80022300902,MUI
2104,190054020210,MUI
4511,,MUI
4538,,MUI
4550,,MUI
2748,80060770312,MUI
1429,60055200610,MUI
992,40079020916,MUI
3775,,MUI
793,10069900814,MUI
3432,90012840700,MUI
1272,7060039610517,MUI
5414,,MUI
3066,220009431298,MUI
4165,,MUI
5863,,MUI
4548,,MUI
808,10077840716,MUI
4490,,MUI
802,10079091016,MUI
2729,80062921012,MUI
2747,80030850804,MUI
4997,,MUI
792,10086720118,MUI
4171,,MUI
5333,,MUI
4519,,MUI
5387,,MUI
1573,120041860906,MUI
5415,,MUI
2224,260061970712,MUI
3067,220075330116,MUI
4152,,MUI
4979,,MUI
1262,60047360308,MUI
861,3010017060617,MUI
4512,,MUI
4981,,MUI
3602,21100005151216,MUI
4986,,MUI
794,15010001000807,MUI
3479,15100014020115,MUI
3482,3200015821216,MUI
3317,310080091216,MUI
3109,330068570314,MUI
4164,,MUI
4507,,MUI
2105,15060023790117,MUI
1278,60036430805,MUI
2698,80074141015,MUI
3070,220006410997,MUI
844,60020020502,MUI
4167,,MUI
3776,,MUI
3486,15100023651216,MUI
3472,15100012701114,MUI
1972,190067331213,MUI
3481,15100023531216,MUI
1168,30066170813,MUI
1342,240080371216,MUI
3268,310038450206,MUI
1394,60028330204,MUI
2695,80000140898,MUI
1255,60028770304,MUI
3798,,MUI
5059,,MUI
5326,,MUI
4166,,MUI
3535,200076740416,MUI
3111,3330018761117,MUI
799,10078200816,MUI
1266,60075111215,MUI
1112,15020013990115,MUI
3538,3200018791117,MUI
4156,,MUI
800,10077810716,MUI
1292,240059951211,MUI
3473,15100025100517,MUI
5867,,MUI
873,10083460617,MUI
4140,,MUI
2741,80061470512,MUI
5327,,MUI
1655,40071900215,MUI
807,3010018420917,MUI
2099,190076090316,MUI
4524,,MUI
3083,3330017870817,MUI
5329,,MUI
3502,15100008880713,MUI
3264,310056561110,MUI
857,15320028781217,MUI
3595,3200017390617,MUI
1430,60085341017,MUI
5858,,MUI
4543,,MUI
3480,200008280698,MUI
1971,190085201017,MUI
5058,,MUI
4506,,MUI
3320,310057900311,MUI
864,3010016620517,MUI
810,15310028631217,MUI
859,10057950311,MUI
1444,60082910517,MUI
2733,80077330616,MUI
1339,240026310903,MUI
4918,,MUI
1445,60070861114,MUI
2087,190082050417,MUI
4521,,MUI
5847,,MUI
5411,,MUI
1261,60080061216,MUI
2740,80050640509,MUI
4139,,MUI
3321,310063371212,MUI
4109,,MUI
2744,80055250610,MUI
457,15100012741114,MUI
4149,,MUI
1273,60065620613,MUI
801,1011200741217,MUI
1976,190085221017,MUI
3475,3200017090617,MUI
4168,,MUI
3598,3200014560616,MUI
3522,200078620916,MUI
3476,15120021790816,MUI
2742,80013010700,MUI
3327,310081900317,MUI
3270,310056931210,MUI
3599,200070280914,MUI
3487,200077670616,MUI
481,15100023711216,MUI
806,10003180698,MUI
3533,200068850414,MUI
4514,,MUI
4492,,MUI
3319,310054670410,MUI
993,40032411204,MUI
4525,,MUI
3828,,MUI
1431,60047290907,MUI
805,3010015110916,MUI
3518,3200014930916,MUI
1291,9240008650817,MUI
4539,,MUI
858,3010017210617,MUI
5005,,MUI
2743,80023870303,MUI
2030,15100025680617,MUI
1402,60053151209,MUI
5860,,MUI
1615,40047790408,MUI
5331,,MUI
2106,190035950805,MUI
3547,3200018310917,MUI
995,40076940516,MUI
2050,7190039060317,MUI
1409,60086740118,MUI
3623,90074961115,MUI
3256,310059941211,MUI
3429,90016450701,MUI
4552,,MUI
4131,,MUI
1258,60028780304,MUI
3478,15120014740415,MUI
1392,60083300617,MUI
2701,80067740114,MUI
4527,,MUI
2081,190072990515,MUI
4154,,MUI
5004,,MUI
1475,50018251101,MUI
2077,190074151015,MUI
1265,3060015900217,MUI
3797,,MUI
2898,230065970713,MUI
2096,190067381213,MUI
5866,,MUI
3294,310061930712,MUI
3295,310067211213,MUI
3555,3200015811216,MUI
1845,60054920510,MUI
3564,200054100210,MUI
3064,220054560410,MUI
4540,,MUI
1251,60051710809,MUI
2097,190082370417,MUI
1166,30058940811,MUI
3511,200084250817,MUI
4916,,MUI
5330,,MUI
3431,90066200813,MUI
1338,240082120417,MUI
899,190005080699,MUI
1298,240067171213,MUI
4529,,MUI
4995,,MUI
4541,,MUI
1340,240086880117,MUI
5323,,MUI
1259,60028350204,MUI
6107,,MUI
3275,310069890814,MUI
2902,230062380912,MUI
1474,50010620899,MUI
2215,260043600307,MUI
2078,190077430616,MUI
2080,190059741111,MUI
3271,310054050210,MUI
2031,190036541105,MUI
1607,40063650113,MUI
4160,,MUI
3318,310087020218,MUI
5864,,MUI
3545,200079901116,MUI
4984,,MUI
1269,60018840102,MUI
4484,,MUI
1449,60083260617,MUI
2901,230037531205,MUI
428,0,MUI
3265,310064580413,MUI
998,40051310809,MUI
4491,,MUI
2034,15060025660617,MUI
869,15010023661216,MUI
1343,240028120104,MUI
856,15320003341209,MUI
5857,,MUI
3483,200009241298,MUI
1657,40011611299,MUI
4466,,MUI
3773,,MUI
505,15100028811217,MUI
417,0,MUI
1622,40063231112,MUI
3774,,MUI
1416,60077950716,MUI
4982,,MUI
3509,3200017140617,MUI
3779,,MUI
3781,,MUI
3018,220073480815,MUI
2102,190010450898,MUI
3433,9090004881112,MUI
3266,310067361213,MUI
860,3010015361016,MUI
3782,,MUI
2054,190073850915,MUI
2088,190085891117,MUI
1257,60050520509,MUI
4978,,MUI
4983,,MUI
5389,,MUI
1660,40021820902,MUI
3795,,MUI
3605,3200015781216,MUI
4136,,MUI
1452,60046730108,MUI
3830,,MUI
4486,,MUI
3549,21100005210317,MUI
1446,60025600803,MUI
5325,,MUI
4553,,MUI
3607,21100005011216,MUI
2085,15080023461216,MUI
4556,,MUI
2730,80004170399,MUI
4998,,MUI
2083,190064780413,MUI
3301,310082940517,MUI
3516,3200018611117,MUI
3020,220062550912,MUI
4108,,MUI
1821,21060000071211,MUI
459,3200015020916,MUI
1290,240049600109,MUI
311,21100005091216,MUI
3489,200070681114,MUI
2694,80025270603,MUI
515,200080501216,MUI
6383,,MUI
6139,,MUI
310,3200017970917,MUI
1844,15200024300417,MUI
1853,152000026380817,MUI
3641,90900017205087,MUI
1400,60071131214,MUI
1447,60018211101,MUI
436,15100012711114,MUI
1967,190047780408,MUI
6745,,MUI
3695,90071710115,MUI
6756,,MUI
1410,21100004941116,MUI
3283,310055180610,MUI
315,200062090612,MUI
3692,90000730997,MUI
2025,190021210702,MUI
3643,00090037471205	,MUI
308,21100004961216,MUI
1823,9060004501212,MUI
1623,40050700609,MUI
8328,,MUI
1483,50050100309,MUI
1395,60080251216,MUI
6740,,MUI
499,3200015191016,MUI
6138,,MUI
2027,190012010300,MUI
6734,,MUI
3495,3200015261016,MUI
6738,,MUI
1828,15200022090916,MUI
462,4200022601216,MUI
8095,,MUI
442,15100023181116,MUI
503,15100026120817,MUI
3494,200071640115,MUI
460,21100005061216,MUI
2059,190067231213,MUI
1159,30074521115,MUI
313,200033910405,MUI
593,30049560109,MUI
6402,,MUI
1830,60011760200,MUI
3693,90022811002,MUI
2055,15060028711217,MUI
1396,60055540710,MUI
1439,60068040214,MUI
7194,,MUI
6474,,MUI
473,15320000201006,MUI
479,15100025730717,MUI
1973,190076330316,MUI
1163,30082040317,MUI
6141,,MUI
7267,,MUI
8324,,MUI
6767,,MUI
2032,190068770414,MUI
1827,60043580307,MUI
7190,,MUI
6770,,MUI
783,10079521116,MUI
2056,15060025410517,MUI
7221,,MUI
2023,3190018530917,MUI
3646,90040620606,MUI
3492,200070791114,MUI
458,3200016490517,MUI
3106,3330016830517,MUI
6514,,MUI
500,15100024150317,MUI
6379,,MUI
463,1101007400405,MUI
790,10007531297,MUI
3291,310077160516,MUI
789,10066160813,MUI
6382,,MUI
6784,,MUI
3490,200074571115,MUI
419,15100028551217,MUI
478,4200022681216,MUI
3014,9220006190215,MUI
439,3200017500617,MUI
1160,30062991012,MUI
2219,260049380109,MUI
1571,100027970104,MUI
1288,240059491111,MUI
1412,60070671014,MUI
6374,,MUI
416,15100025650617,MUI
1415,60080900117,MUI
1285,240087480218,MUI
7219,,MUI
2026,190069390614,MUI
6375,,MUI
3289,310076730416,MUI
785,10082210417,MUI
2053,190079051016,MUI
506,200001300597,MUI
3107,330066150813,MUI
1167,30062480912,MUI
485,15100022370916,MUI
6783,,MUI
1609,40034680505,MUI
7220,,MUI
6145,,MUI
784,10013540900,MUI
1441,60086421217,MUI
6782,,MUI
1450,60019690402,MUI
6804,,MUI
6384,,MUI
3624,3090016690517,MUI
7195,,MUI
7268,,MUI
6780,,MUI
6772,,MUI
1405,60081920317,MUI
3282,310052320909,MUI
6785,,MUI
6403,,MUI
435,15060023820117,MUI
3286,310054910510,MUI
1398,60022401002,MUI
6754,,MUI
6136,,MUI
6790,,MUI
1656,40081150217,MUI
6764,,MUI
483,3200018621117,MUI
6744,,MUI
6391,,MUI
787,10081560317,MUI
6789,,MUI
3642,90048760908,MUI
477,3200018551117,MUI
2745,80045430907,MUI
3013,220056260910,MUI
474,15100025120517,MUI
2691,80081210217,MUI
1842,60011361199,MUI
6146,,MUI
1978,190050990609,MUI
3497,200079251016,MUI
307,21100004871116,MUI
1116,30083740717,MUI
6739,,MUI
316,200038920306,MUI
7582,,MUI
7193,,MUI
8320,,MUI
7264,,MUI
3021,15070025570617,MUI
461,15100024820517,MUI
314,200020630602,MUI
1970,190066971113,MUI
6381,,MUI
7189,,MUI
6404,,MUI
7583,,MUI
3648,15090023371116,MUI
6769,,MUI
6378,,MUI
1824,60053770110,MUI
504,3200014500616,MUI
1438,60058950811,MUI
598,30078270816,MUI
6743,,MUI
2049,190056761110,MUI
1832,60069360614,MUI
6791,,MUI
527,70060430112,MUI
1165,3030015661216,MUI
414,200060850312,MUI
2024,15060024890517,MUI
438,200085421017,MUI
3645,3090015671216,MUI
2028,190080800117,MUI
1420,60081490317,MUI
2051,190067051113,MUI
525,70076590416,MUI
6741,,MUI
8323,,MUI
3103,4330023070217,MUI
3647,15090007900213,MUI
2696,80059911111,MUI
312,3200015771216,MUI
1852,60078110816,MUI
7198,,MUI
1407,60068800414,MUI
6771,,MUI
7587,,MUI
6134,,MUI
516,200044220607,MUI
791,5010024280417,MUI
1117,30083390617,MUI
6755,,MUI
2693,80035280605,MUI
502,3200016540517,MUI
2697,80055210610,MUI
472,15100024830517,MUI
2229,260079971116,MUI
2220,260068820414,MUI
541,70060430112,MUI
3500,4200023460517,MUI
6766,,MUI
1411,3060015221016,MUI
1401,9060008730917,MUI
480,3200016570517,MUI
309,3200016480517,MUI
7222,,MUI
2896,230061820612,MUI
3017,220065960713,MUI
3269,310071580115,MUI
1127,30007920398,MUI
6742,,MUI
465,3200018440917,MUI
452,3200016550517,MUI
3491,15100024810517,MUI
415,15200028990218,MUI
6405,,MUI
7585,,MUI
7586,,MUI
440,3200016010217,MUI
2062,15060028701217,MUI
8321,,MUI
1164,3030015411016,MUI
1414,60005650597,MUI
3015,220051760809,MUI
471,200063411212,MUI
6385,,MUI
6774,,MUI
1819,60067021113,MUI
3293,15230016110715,MUI
3104,330051780809,MUI
2746,80004681298,MUI
9456,,MUI
1965,190061160412,MUI
3625,90005000297,MUI
1794,60001330597,MUI
3287,310063331212,MUI
9444,,MUI
8557,,MUI
1603,40050710609,MUI
1606,40009041098,MUI
2115,310061480512,MUI
8657,,MUI
9412,,MUI
3255,310083650717,MUI
8936,,MUI
8591,,MUI
1613,40055790810,MUI
1846,15200025890717,MUI
9434,,MUI
394,3200017240617,MUI
8566,,MUI
1566,290047180208,MUI
2228,260005300497,MUI
3099,4330023050217,MUI
2116,310057560211,MUI
2070,310085901117,MUI
9225,,MUI
1927,190016680801,MUI
2172,190058790711,MUI
2157,190061640612,MUI
9334,,MUI
1968,190087120218,MUI
8692,,MUI
1933,190084540917,MUI
1111,30084180817,MUI
2674,80046171207,MUI
8688,,MUI
8933,,MUI
530,70077380616,MUI
8934,,MUI
2117,310063830113,MUI
2712,80016670801,MUI
1791,60060001211,MUI
1602,40009690199,MUI
2662,80040430606,MUI
8901,,MUI
1801,60006931297,MUI
2047,310058780711,MUI
10422,,MUI
9452,,MUI
8586,,MUI
446,15100026270817,MUI
9431,,MUI
1847,60085331017,MUI
529,70071630115,MUI
2892,230055940810,MUI
2677,80070431014,MUI
2666,80063670113,MUI
8891,,MUI
2161,190073080615,MUI
8928,,MUI
8931,,MUI
10420,,MUI
9458,,MUI
2917,230076340316,MUI
2108,310086550118,MUI
2109,310070341014,MUI
8929,,MUI
8902,,MUI
9410,,MUI
445,15100013091214,MUI
2073,310085451017,MUI
1796,60060860312,MUI
3349,310053750110,MUI
2110,310070931114,MUI
2226,260067191213,MUI
1996,15060006280812,MUI
2681,80059861211,MUI
9411,,MUI
1786,60079551116,MUI
406,200077050516,MUI
915,110017761001,MUI
1854,60079921116,MUI
2998,220065920713,MUI
3011,9170005971214,MUI
2179,190048020508,MUI
2068,310066501013,MUI
2707,80075171215,MUI
8899,,MUI
391,3200017170617,MUI
1575,40007670298,MUI
8561,,MUI
1849,3060018020917,MUI
2231,260019170202,MUI
1296,240009651298,MUI
2039,310053171209,MUI
2001,190080211216,MUI
2700,80080660117,MUI
2038,310035780805,MUI
2171,190086650118,MUI
8898,,MUI
2668,80059871211,MUI
8893,,MUI
10423,,MUI
1998,190068260214,MUI
8900,,MUI
2679,9080000530205,MUI
9735,,MUI
8908,,MUI
450,200050010209,MUI
1781,4060023320417,MUI
2705,80060940312,MUI
8593,,MUI
2046,310054890510,MUI
2708,80082870517,MUI
443,4200022711216,MUI
1604,40087300218,MUI
533,70078980916,MUI
8909,,MUI
8560,,MUI
2714,80065300513,MUI
2114,310081780317,MUI
8690,,MUI
3031,220070170914,MUI
8689,,MUI
2893,230033950405,MUI
2000,15060027200917,MUI
2008,190016720801,MUI
1994,15060007960313,MUI
444,15310027831017,MUI
532,70077750616,MUI
1930,190038930306,MUI
1935,15060025870717,MUI
1841,4060022611216,MUI
8932,,MUI
9227,,MUI
2111,310077460616,MUI
424,0,MUI
8903,,MUI
1843,7060039260417,MUI
1876,0,MUI
1289,240086021217,MUI
1788,60069700714,MUI
2112,310068320214,MUI
1997,190071560115,MUI
1969,190084750917,MUI
3105,330062360812,MUI
2673,90800055880914,MUI
2699,80086141217,MUI
1909,0,MUI
2657,80040450606,MUI
1822,9060008310117,MUI
1611,40045811107,MUI
9239,,MUI
2036,310076060316,MUI
392,15100025740717,MUI
10421,,MUI
2706,80080421216,MUI
538,70070571014,MUI
1995,15060027811017,MUI
2233,260084680917,MUI
2066,310047760408,MUI
1633,40010390699,MUI
3037,220060270112,MUI
1629,40048150608,MUI
11452,,MUI
3032,220082130417,MUI
10670,,MUI
11550,,MUI
2200,190063700113,MUI
10841,,MUI
11454,,MUI
11695,,MUI
10713,,MUI
1931,190040010506,MUI
11671,,MUI
1634,40072440415,MUI
382,1510002440417,MUI
10672,,MUI
10695,,MUI
11683,,MUI
10671,,MUI
2682,80051010609,MUI
384,4200022721216,MUI
2159,190078860916,MUI
10705,,MUI
412,3200014950916,MUI
10730,,MUI
11553,,MUI
11449,,MUI
11704,,MUI
10839,,MUI
11439,,MUI
2162,190053221209,MUI
2661,80072120315,MUI
11441,,MUI
2192,190062690912,MUI
1924,190084610917,MUI
11436,,MUI
11072,,MUI
2914,230085351017,MUI
1804,60084490917,MUI
2202,190059851211,MUI
2916,230083850817,MUI
11450,,MUI
385,15100013550115,MUI
10709,,MUI
11686,,MUI
1784,60080551216,MUI
2071,310056571110,MUI
10737,,MUI
2660,80072260415,MUI
11694,,MUI
11974,,MUI
402,3200017950817,MUI
10738,,MUI
2913,230079000916,MUI
11438,,MUI
11687,,MUI
2709,80049270109,MUI
2183,190074531115,MUI
10708,,MUI
2044,310061800612,MUI
1939,190066451013,MUI
1937,190082350417,MUI
2201,190062260812,MUI
10732,,MUI
2659,80019890402,MUI
1813,60077350616,MUI
11707,,MUI
2197,190056661110,MUI
1109,3030016870617,MUI
10694,,MUI
10836,,MUI
11706,,MUI
1135,30085271017,MUI
2685,80072070315,MUI
2663,80037940106,MUI
2713,80060380212,MUI
2168,190078510816,MUI
1782,60070010914,MUI
11666,,MUI
10696,,MUI
3030,220082430417,MUI
396,3200018771117,MUI
11700,,MUI
11670,,MUI
11448,,MUI
1800,15200022651016,MUI
2665,80062160712,MUI
10809,,MUI
3036,220086680118,MUI
10699,,MUI
2676,80052481009,MUI
380,3200016840517,MUI
410,151000028421217,MUI
11673,,MUI
409,3200016810517,MUI
11665,,MUI
403,200060910312,MUI
11435,,MUI
1108,30083770717,MUI
3098,330083900817,MUI
11408,,MUI
11456,,MUI
2710,80049001108,MUI
11668,,MUI
11698,,MUI
10698,,MUI
11663,,MUI
11703,,MUI
10837,,MUI
11445,,MUI
3569,21100005141216,MUI
10691,,MUI
10673,,MUI
972,80086451217,MUI
2163,190080870117,MUI
11702,,MUI
11705,,MUI
10731,,MUI
11455,,MUI
1805,00060030050604	,MUI
10733,,MUI
2199,190062050712,MUI
2991,220087170218,MUI
11691,,MUI
1107,30024650503,MUI
2180,190080171216,MUI
2155,190063800113,MUI
11685,,MUI
379,3200017160617,MUI
11693,,MUI
10714,,MUI
11956,,MUI
2704,80082310417,MUI
10712,,MUI
11453,,MUI
10710,,MUI
2170,190048810908,MUI
11632,,MUI
11432,,MUI
2232,260066400913,MUI
11951,,MUI
11434,,MUI
1106,30074641115,MUI
10716,,MUI
11060,,MUI
405,200055280610,MUI
1928,190059801111,MUI
11672,,MUI
11433,,MUI
1136,30073270715,MUI
10711,,MUI
3039,1507002780809,MUI
10693,,MUI
386,15100023631216,MUI
2915,230084670917,MUI
1640,40078320816,MUI
11662,,MUI
2190,190081230217,MUI
10706,,MUI
2191,190019790402,MUI
10734,,MUI
2995,220080750117,MUI
2064,310073510815,MUI
3028,220048891108,MUI
10807,,MUI
10674,,MUI
2040,310006100897,MUI
2686,80070451014,MUI
971,80071351214,MUI
383,3200017110617,MUI
3038,220060071211,MUI
1137,9030002720809,MUI
1792,60071001214,MUI
11960,,MUI
970,80062230812,MUI
3033,220083410617,MUI
10700,,MUI
3284,310069010514,MUI
2042,310052741109,MUI
2664,80000920899,MUI
11561,,MUI
1789,60079941116,MUI
11451,,MUI
11953,,MUI
1793,60059411011,MUI
2035,310077710616,MUI
10840,,MUI
1161,9030008891117,MUI
11689,,MUI
2918,230069830814,MUI
11447,,MUI
3626,90064910413,MUI
1806,21200004791116,MUI
2989,220073190615,MUI
11552,,MUI
11551,,MUI
2683,9080004710613,MUI
11692,,MUI
13543,,MUI
354,3200014900916,MUI
1810,60006350997,MUI
1628,40079411116,MUI
364,3200017890817,MUI
13542,,MUI
12879,,MUI
1477,50024390403,MUI
1133,30007900398,MUI
537,70062500912,MUI
1625,40060730212,MUI
12878,,MUI
401,3200018701117,MUI
1748,60064360313,MUI
2236,260055920810,MUI
13540,,MUI
369,15100026260817,MUI
370,3200017430617,MUI
353,3200014800916,MUI
2910,230065280513,MUI
1809,60022361002,MUI
351,3200014550616,MUI
377,3200015731216,MUI
13761,,MUI
2909,230043470307,MUI
902,120008400698,MUI
13006,,MUI
854,120018940102,MUI
1982,310065240513,MUI
2177,190054870510,MUI
2994,220087240218,MUI
352,9200008881117,MUI
2175,190050350409,MUI
12887,,MUI
969,80060800312,MUI
12886,,MUI
350,3200014870916,MUI
2911,230073300715,MUI
1131,30016080701,MUI
13005,,MUI
395,200085141017,MUI
357,3200014670816,MUI
2867,230051280809,MUI
13764,,MUI
1979,310077500616,MUI
13538,,MUI
2173,190078460816,MUI
2182,190079661116,MUI
2552,190038090106,MUI
13536,,MUI
535,70043430307,MUI
2559,190046700108,MUI
2993,21060004881116,MUI
13697,,MUI
13759,,MUI
2868,230075920216,MUI
13008,,MUI
1754,60042531106,MUI
1755,60072770515,MUI
12898,,MUI
1807,00060022361002	,MUI
13003,,MUI
399,15100025090517,MUI
347,21100005041216,MUI
12899,,MUI
371,15100012861114,MUI
2986,220056581110,MUI
13698,,MUI
2075,310059341011,MUI
2076,310040850606,MUI
13552,,MUI
1132,30079061016,MUI
1134,30070421014,MUI
1632,40015610601,MUI
2550,190071321214,MUI
13695,,MUI
2061,310061760612,MUI
1750,60010760899,MUI
349,15100024690517,MUI
1624,40029270404,MUI
346,3200016580517,MUI
13408,,MUI
13653,,MUI
1981,310060290112,MUI
12885,,MUI
365,3200015751216,MUI
13539,,MUI
2230,260050460409,MUI
13763,,MUI
1515,50034670505,MUI
13004,,MUI
2908,230049820309,MUI
2551,15060022941016,MUI
2912,230050080309,MUI
1980,310063201112,MUI
1749,60027650104,MUI
1630,40040820606,MUI
1803,60082770517,MUI
13652,,MUI
1811,60004720799,MUI
2549,190065550613,MUI
2985,220078390816,MUI
2546,190054840410,MUI
2544,190076130316,MUI
2554,190082400417,MUI
13553,,MUI
348,15100024290417,MUI
2866,230080181216,MUI
2237,260001250998,MUI
2548,190073530815,MUI
358,4200022671216,MUI
13550,,MUI
336,200084580917,MUI
335,15100014610215,MUI
1082,30084560917,MUI
15745,,MUI
1579,40040520606,MUI
1991,310041160706,MUI
15640,,MUI
1295,240073220715,MUI
1085,30064640413,MUI
15838,,MUI
15602,,MUI
15836,,MUI
2566,190060200112,MUI
14932,,MUI
15775,,MUI
360,15100027270917,MUI
545,70045761107,MUI
15772,,MUI
15601,,MUI
15787,,MUI
331,200083290617,MUI
3101,330080231216,MUI
14980,,MUI
361,15100026310817,MUI
15777,,MUI
555,70085881117,MUI
3195,220073840915,MUI
334,3200018390917,MUI
549,70078180816,MUI
1518,50069870814,MUI
1752,60084590917,MUI
987,80059210911,MUI
15637,,MUI
15778,,MUI
2864,230076630416,MUI
15638,,MUI
913,100007301297,MUI
15835,,MUI
15633,,MUI
14978,,MUI
14931,,MUI
14936,,MUI
2565,190071490115,MUI
14977,,MUI
2858,230078550816,MUI
15779,,MUI
1514,50032381204,MUI
15635,,MUI
15773,,MUI
985,80028850304,MUI
3670,90070691114,MUI
15636,,MUI
14976,,MUI
2561,190076390316,MUI
1627,40069880814,MUI
14979,,MUI
3197,220061570512,MUI
2568,190055890810,MUI
2547,190079121016,MUI
1509,50061490512,MUI
15599,,MUI
1458,320060330112,MUI
15744,,MUI
15607,,MUI
15603,,MUI
14929,,MUI
1455,320049201208,MUI
363,15120022010816,MUI
1128,30035340605,MUI
2988,220080720117,MUI
2573,15060017901115,MUI
1984,310086041217,MUI
1080,30086980118,MUI
14975,,MUI
15641,,MUI
2885,230081390217,MUI
1574,40061360512,MUI
15613,,MUI
3671,90000340594,MUI
1985,310017621001,MUI
15742,,MUI
1453,320040640606,MUI
14933,,MUI
1753,60070491014,MUI
15642,,MUI
14972,,MUI
2567,190079711116,MUI
2564,190084500917,MUI
2870,230076380316,MUI
556,70020590502,MUI
1578,40066491013,MUI
1129,30050340409,MUI
15600,,MUI
2862,230022821002,MUI
14934,,MUI
984,80081800317,MUI
547,70084440817,MUI
1983,310076370316,MUI
1130,30076000316,MUI
15776,,MUI
1294,240076430316,MUI
2859,230034180505,MUI
15604,,MUI
15780,,MUI
367,15120023581216,MUI
3102,330083070517,MUI
2863,230050560509,MUI
548,70083790817,MUI
362,200081360217,MUI
1626,40024500503,MUI
15743,,MUI
14974,,MUI
2009,310058090411,MUI
2013,310077170516,MUI
2518,190080041216,MUI
1076,30072060315,MUI
17874,,MUI
1757,7060026430515,MUI
1074,30077180516,MUI
1580,3040016610517,MUI
17075,,MUI
2810,260064840413,MUI
728,70082960517,MUI
16990,,MUI
2791,260075370116,MUI
550,70027720104,MUI
3201,220061810612,MUI
17739,,MUI
1510,50023640103,MUI
734,70081930317,MUI
17647,,MUI
1756,60078810916,MUI
1084,30065760713,MUI
17134,,MUI
551,70077590616,MUI
1875,0,MUI
1077,30050800609,MUI
1758,7060001790306,MUI
17095,,MUI
16987,,MUI
2886,230080451216,MUI
17645,,MUI
2560,190076750416,MUI
18150,,MUI
1975,310082750517,MUI
17631,,MUI
17110,,MUI
326,15100028910118,MUI
17644,,MUI
423,0,MUI
17643,,MUI
554,70080281216,MUI
2860,230072570515,MUI
17112,,MUI
1072,30016070701,MUI
3674,21090000020909,MUI
333,15100028241117,MUI
332,15100028541217,MUI
2789,260062150712,MUI
2861,230080680117,MUI
431,0,MUI
2792,260043250207,MUI
2563,190083500617,MUI
2012,9060002491108,MUI
2519,190086960118,MUI
17610,,MUI
736,70056421010,MUI
17612,,MUI
1974,310065030513,MUI
2811,260069550714,MUI
2011,310070471014,MUI
17773,,MUI
2881,7230025620415,MUI
2819,15220016170715,MUI
2513,190087180218,MUI
17646,,MUI
330,200063521212,MUI
738,70060220112,MUI
17633,,MUI
2874,15220027581017,MUI
16986,,MUI
1078,30061630612,MUI
17771,,MUI
2507,190071810215,MUI
16988,,MUI
552,70077590616,MUI
683,70060230112,MUI
3450,4330023060217,MUI
1577,40080021116,MUI
2520,190076820516,MUI
17634,,MUI
721,70084930917,MUI
2516,190076890516,MUI
17767,,MUI
2788,260077600616,MUI
2883,230051850909,MUI
2512,190076290316,MUI
2878,230075221215,MUI
1769,60070621014,MUI
1768,60086850118,MUI
17851,,MUI
731,70042221006,MUI
2809,260058920811,MUI
2790,260061290412,MUI
1516,50079381016,MUI
2562,190073010615,MUI
17632,,MUI
19101,,MUI
2821,230075211215,MUI
19163,,MUI
19131,,MUI
732,70067351213,MUI
19105,,MUI
19928,,MUI
3168,220081500317,MUI
19701,,MUI
1572,40071241214,MUI
2879,230073650815,MUI
1556,120013260800,MUI
19698,,MUI
1557,120057970111,MUI
2812,260066821113,MUI
19936,,MUI
2019,310078330816,MUI
3419,15220028641217,MUI
1576,40061530512,MUI
19672,,MUI
19924,,MUI
19931,,MUI
1581,100061230412,MUI
2846,7230025690415,MUI
19170,,MUI
19674,,MUI
2845,230050920609,MUI
19929,,MUI
19915,,MUI
19671,,MUI
19819,,MUI
1563,120085301017,MUI
2820,21220005121216,MUI
19102,,MUI
2841,230033330205,MUI
982,80070751114,MUI
19932,,MUI
19172,,MUI
2534,190080141216,MUI
682,70056771110,MUI
3012,220006090897,MUI
19673,,MUI
2877,230045881103,MUI
2515,190081680317,MUI
2825,15220028501217,MUI
19106,,MUI
2817,15220008590513,MUI
325,200076050316,MUI
19675,,MUI
328,200080131216,MUI
1775,60079791116,MUI
19703,,MUI
19933,,MUI
2530,190058270411,MUI
3418,230079141016,MUI
2834,7230025640415,MUI
2808,260031611004,MUI
2807,260071361214,MUI
19697,,MUI
19935,,MUI
19679,,MUI
990,80007311297,MUI
19958,,MUI
3165,220066951113,MUI
19677,,MUI
2836,7230039190417,MUI
2537,190059050911,MUI
2838,230076030316,MUI
730,70079511116,MUI
2818,15220028601217,MUI
2880,230040040506,MUI
2511,15220025380517,MUI
2839,230067141113,MUI
735,70056971210,MUI
19704,,MUI
2824,15220023471216,MUI
2803,260082530417,MUI
2842,230028800304,MUI
2840,15220022591016,MUI
19670,,MUI
681,7008581117,MUI
19104,,MUI
2844,230069150514,MUI
3238,230050650509,MUI
2829,230071700115,MUI
2830,230067730114,MUI
2837,21220003240415,MUI
2875,15220027601017,MUI
19822,,MUI
19678,,MUI
729,70042251006,MUI
1100,300235101031,MUI
19103,,MUI
2876,230074971115,MUI
2827,230038880306,MUI
2508,190085161017,MUI
733,70083820817,MUI
2535,190081510317,MUI
19930,,MUI
19171,,MUI
2018,310084720917,MUI
2531,15060023721216,MUI
19107,,MUI
727,70077220616,MUI
3166,220063770113,MUI
2823,7230025600415,MUI
3417,230081750317,MUI
19690,,MUI
3167,220078340816,MUI
2538,190087470218,MUI
22225,,MUI
21153,,MUI
429,0,MUI
3164,220064890413,MUI
2119,190045651007,MUI
1519,120086241217,MUI
685,70053030908,MUI
2802,260020570502,MUI
916,90000300799,MUI
1550,120028950404,MUI
1552,120015890601,MUI
3424,230085851117,MUI
2529,190056521110,MUI
1549,120017230901,MUI
21154,,MUI
2017,310055010501,MUI
21921,,MUI
2485,190074921115,MUI
21158,,MUI
2478,190067221213,MUI
1097,3030014760916,MUI
1494,120059501111,MUI
2528,190077440616,MUI
1498,15160028531217,MUI
3154,220086071217,MUI
3672,90086061217,MUI
1554,120063530113,MUI
1485,120069750714,MUI
1492,120009790399,MUI
1570,40078730916,MUI
1520,15160025540617,MUI
22213,,MUI
1488,120007720298,MUI
1565,40076470415,MUI
680,70037860106,MUI
2006,310045240907,MUI
21140,,MUI
1098,30007880398,MUI
22212,,MUI
1478,15160023561216,MUI
2482,00190017040901	,MUI
2805,260040870606,MUI
22231,,MUI
21602,,MUI
3716,120025200603,MUI
989,80059921211,MUI
21141,,MUI
2016,310057050111,MUI
21603,,MUI
21601,,MUI
676,70066800713,MUI
22226,,MUI
1772,21200004841116,MUI
21910,,MUI
2768,7260026480515,MUI
1522,21160005111216,MUI
1765,60046061207,MUI
1480,15160028381217,MUI
1773,60078940916,MUI
2480,190078490816,MUI
1562,120049041108,MUI
2533,190083970817,MUI
3423,230085441017,MUI
21829,,MUI
3422,230082250417,MUI
2481,15060007950313,MUI
2474,15060027911017,MUI
674,70062951012,MUI
687,70082280417,MUI
21159,,MUI
2473,190087090218,MUI
1487,120084970917,MUI
22228,,MUI
677,70052331009,MUI
3421,230078680916,MUI
1544,120084450817,MUI
1770,60066330913,MUI
2532,190066380913,MUI
707,70061700612,MUI
1493,9120007650116,MUI
1767,60072320415,MUI
21157,,MUI
3426,230066140813,MUI
21139,,MUI
1496,120076980516,MUI
3420,230071041214,MUI
3159,220049141108,MUI
3162,220073310715,MUI
1091,30086101217,MUI
688,70049740209,MUI
686,70043530307,MUI
1490,15160024920517,MUI
1568,21040004951116,MUI
3425,230074221015,MUI
21155,,MUI
2804,260057410211,MUI
2806,260058250411,MUI
23978,,MUI
3453,3330018450917,MUI
24702,,MUI
2476,190085000917,MUI
24679,,MUI
3683,15160015230515,MUI
23466,,MUI
23750,,MUI
23517,,MUI
23510,,MUI
24651,,MUI
23508,,MUI
24436,,MUI
2477,190051020609,MUI
1567,100039300306,MUI
24676,,MUI
24696,,MUI
976,80080401216,MUI
24450,,MUI
2005,310056751110,MUI
23509,,MUI
23142,,MUI
495,0,MUI
252,15200028940118,MUI
3715,4120003960708,MUI
203,15160028351117,MUI
3733,120083020517,MUI
23458,,MUI
23446,,MUI
23497,,MUI
24684,,MUI
23478,,MUI
3718,3120016320417,MUI
3720,3120018601117,MUI
3726,21160004821116,MUI
261,15200025230517,MUI
257,9060001780707,MUI
23448,,MUI
24435,,MUI
23159,,MUI
24704,,MUI
23200,,MUI
23493,,MUI
3698,120068700414,MUI
23511,,MUI
23456,,MUI
253,21200004771116,MUI
204,15200028341117,MUI
23480,,MUI
23168,,MUI
23792,,MUI
24721,,MUI
23423,,MUI
23418,,MUI
240,15160026300817,MUI
3719,120071730115,MUI
24660,,MUI
23476,,MUI
711,70019590302,MUI
24700,,MUI
24694,,MUI
23475,,MUI
2490,190083340417,MUI
1777,15010021650816,MUI
488,0,MUI
23473,,MUI
3696,120075760216,MUI
23490,,MUI
23416,,MUI
24107,,MUI
23498,,MUI
3449,330076720416,MUI
23157,,MUI
23153,,MUI
24682,,MUI
23791,,MUI
23441,,MUI
23194,,MUI
2501,190065650613,MUI
23444,,MUI
24447,,MUI
23502,,MUI
3737,3120016740517,MUI
23450,,MUI
23777,,MUI
705,70084100817,MUI
23177,,MUI
23417,,MUI
23468,,MUI
23505,,MUI
23467,,MUI
24686,,MUI
3681,15160011850714,MUI
24695,,MUI
487,0,MUI
24689,,MUI
3688,15160028351107,MUI
490,0,MUI
2493,190082790517,MUI
2764,260078840916,MUI
24693,,MUI
1090,4030016051114,MUI
24633,,MUI
23252,,MUI
256,60038350206,MUI
23179,,MUI
250,15200028711217,MUI
254,60082080417,MUI
23496,,MUI
24656,,MUI
23439,,MUI
24652,,MUI
2766,260052831109,MUI
23421,,MUI
209,60080960117,MUI
24661,,MUI
23144,,MUI
23455,,MUI
23520,,MUI
23419,,MUI
23503,,MUI
23494,,MUI
3447,330074981215,MUI
23254,,MUI
23793,,MUI
24919,,MUI
23149,,MUI
23764,,MUI
1680,320069910814,MUI
24681,,MUI
706,70068730414,MUI
259,15200012170914,MUI
1521,21160004931116,MUI
24688,,MUI
3735,120047690408,MUI
23425,,MUI
23500,,MUI
202,60083700717,MUI
23170,,MUI
1874,0,MUI
23506,,MUI
23148,,MUI
24703,,MUI
3727,120081530317,MUI
23765,,MUI
23196,,MUI
3717,120084700917,MUI
24655,,MUI
3452,15080025390517,MUI
1092,15120022080916,MUI
24698,,MUI
239,15200023571216,MUI
23492,,MUI
3725,15120029020218,MUI
1093,15120025350517,MUI
23977,,MUI
981,80085031017,MUI
24722,,MUI
23471,,MUI
23415,,MUI
23507,,MUI
23152,,MUI
23495,,MUI
497,0,MUI
205,15220026130817,MUI
710,70083990817,MUI
704,70062180812,MUI
3736,3120014780916,MUI
3721,120073460815,MUI
24685,,MUI
23453,,MUI
3379,230079861116,MUI
24668,,MUI
23481,,MUI
23178,,MUI
23424,,MUI
23172,,MUI
24653,,MUI
23253,,MUI
24669,,MUI
2471,15200026080817,MUI
23167,,MUI
23198,,MUI
24446,,MUI
23776,,MUI
23155,,MUI
23154,,MUI
24649,,MUI
23173,,MUI
24699,,MUI
3446,3330016030217,MUI
3732,15160022821016,MUI
24697,,MUI
2492,1191200761217,MUI
23491,,MUI
258,15200021900816,MUI
23174,,MUI
260,15200024140317,MUI
24657,,MUI
23766,,MUI
24683,,MUI
23420,,MUI
24677,,MUI
24658,,MUI
23176,,MUI
23451,,MUI
1595,15030022120916,MUI
23166,,MUI
24654,,MUI
23489,,MUI
23147,,MUI
26272,,MUI
26726,,MUI
3377,3230018360917,MUI
2002,310085391017,MUI
27050,,MUI
27030,,MUI
208,60038010106,MUI
3684,15160025200517,MUI
27006,,MUI
26720,,MUI
26145,,MUI
708,70067910114,MUI
25928,,MUI
1597,40009950399,MUI
27052,,MUI
2489,190005550597,MUI
27047,,MUI
3703,15160001150907,MUI
26717,,MUI
207,60085431017,MUI
26750,,MUI
3680,15160025590617,MUI
1596,40074761115,MUI
25898,,MUI
25896,,MUI
25895,,MUI
25930,,MUI
25915,,MUI
27032,,MUI
25933,,MUI
27041,,MUI
27055,,MUI
2497,3190015491016,MUI
27029,,MUI
25897,,MUI
26721,,MUI
25855,,MUI
25911,,MUI
3153,220074551115,MUI
27054,,MUI
26760,,MUI
3689,15160013960115,MUI
3679,21160005170317,MUI
26766,,MUI
26764,,MUI
199,60076530416,MUI
3729,15160025190517,MUI
25916,,MUI
25879,,MUI
25929,,MUI
27048,,MUI
26736,,MUI
25872,,MUI
25931,,MUI
25875,,MUI
25874,,MUI
27051,,MUI
25902,,MUI
26266,,MUI
2495,190085061017,MUI
27028,,MUI
25936,,MUI
26767,,MUI
917,1101007030205,MUI
26268,,MUI
26738,,MUI
1594,40076360316,MUI
26744,,MUI
27026,,MUI
201,60079531116,MUI
25934,,MUI
25901,,MUI
3678,15160023491216,MUI
26773,,MUI
3669,90062841012,MUI
27044,,MUI
25890,,MUI
26719,,MUI
26724,,MUI
26718,,MUI
26746,,MUI
3668,3090016970617,MUI
26526,,MUI
919,120071420115,MUI
1048,30076280316,MUI
27027,,MUI
25912,,MUI
26149,,MUI
27002,,MUI
27033,,MUI
27035,,MUI
25927,,MUI
2491,8190009460118,MUI
27024,,MUI
1679,320050520509,MUI
26742,,MUI
26715,,MUI
3704,3120016790517,MUI
26723,,MUI
27031,,MUI
2498,15060028571217,MUI
25873,,MUI
26737,,MUI
25917,,MUI
27003,,MUI
25878,,MUI
26769,,MUI
3676,15160028471217,MUI
25883,,MUI
2500,190048440708,MUI
25881,,MUI
26741,,MUI
3157,220074801115,MUI
26768,,MUI
3376,230079241016,MUI
979,80067371213,MUI
3711,00120040440606	,MUI
27036,,MUI
26763,,MUI
27049,,MUI
25918,,MUI
25854,,MUI
25932,,MUI
3730,15160025170517,MUI
26748,,MUI
25880,,MUI
26740,,MUI
25876,,MUI
1512,50051040709,MUI
26269,,MUI
26761,,MUI
3685,15160025150517,MUI
3686,15160025140517,MUI
980,80012020300,MUI
1089,30081400217,MUI
3724,120077140516,MUI
25893,,MUI
26735,,MUI
26722,,MUI
229,60033940405,MUI
425,0,MUI
28249,,MUI
978,80081090217,MUI
427,0,MUI
1591,00040065560613	,MUI
702,70031040804,MUI
1047,30081810317,MUI
700,70073150615,MUI
29072,,MUI
454,0,MUI
29152,,MUI
29068,,MUI
3573,120065360513,MUI
3575,9090001740507,MUI
3186,220058490611,MUI
1674,320081350217,MUI
29070,,MUI
3634,120017511001,MUI
1360,80075241215,MUI
2650,190079821116,MUI
1569,250017010901,MUI
1593,40065560613,MUI
2653,190081340217,MUI
3385,230075490116,MUI
1941,310020060502,MUI
3629,120006870999,MUI
2456,15080024730517,MUI
28687,,MUI
1044,30074501115,MUI
3700,120087380218,MUI
1943,310056531110,MUI
29075,,MUI
1944,310086001117,MUI
3383,230049540109,MUI
448,0,MUI
28025,,MUI
3661,15160023431116,MUI
27649,,MUI
1587,40071271214,MUI
3183,220069560714,MUI
3663,120073250715,MUI
3654,120059691111,MUI
1942,310006901197,MUI
28024,,MUI
2448,190056000810,MUI
3375,230082030317,MUI
3657,90082360417,MUI
1592,40018361201,MUI
3702,9120008811017,MUI
3660,21160024400313,MUI
2571,190082570517,MUI
1511,50017130901,MUI
2763,260049520109,MUI
3639,9120005760914,MUI
29071,,MUI
200,60083400617,MUI
28004,,MUI
2457,190080201216,MUI
3184,220073660815,MUI
1042,30072900615,MUI
30046,,MUI
918,120049850209,MUI
3380,230073860915,MUI
1536,40031320904,MUI
31179,,MUI
30695,,MUI
3400,230066791013,MUI
2445,15060025860717,MUI
2652,190063541212,MUI
2452,15060025750717,MUI
1508,50082760517,MUI
3510,120042870107,MUI
3580,120048010508,MUI
3632,15060006300812,MUI
3652,90011740200,MUI
1362,80073020615,MUI
3653,4120002271216,MUI
3665,120083540617,MUI
3601,120076560416,MUI
3577,90087150218,MUI
3707,3120015880217,MUI
3175,15070028261117,MUI
3593,9090005941114,MUI
3667,3120017420617,MUI
3389,230086570118,MUI
3651,7090006200208,MUI
3382,15220028751217,MUI
3608,120043110107,MUI
1535,40086750118,MUI
31178,,MUI
3185,220073380715,MUI
31108,,MUI
2758,260077640616,MUI
29656,,MUI
226,00060069080514	,MUI
3630,120065130513,MUI
3633,120082180417,MUI
698,70084980917,MUI
3592,15310023361116,MUI
31109,,MUI
3574,15160026400817,MUI
3589,3090014770916,MUI
3576,3120014810916,MUI
31199,,MUI
3664,120071990215,MUI
3636,120084400817,MUI
2449,15060022871016,MUI
30430,,MUI
30431,,MUI
3649,90000380696,MUI
3705,15220022611016,MUI
3590,90079101016,MUI
3581,3120016760517,MUI
3709,120063051012,MUI
3572,120040030506,MUI
2649,190070411014,MUI
3637,9120009041117,MUI
3650,90081690317,MUI
3565,120038170106,MUI
3588,15090025320517,MUI
3370,230068490314,MUI
29673,,MUI
230,60021450802,MUI
29865,,MUI
1588,40067610114,MUI
2446,190070711114,MUI
3656,120064010113,MUI
3177,220074911115,MUI
198,60029160404,MUI
3182,220080531216,MUI
3172,9170005790914,MUI
3638,9120006680815,MUI
3662,21160003841015,MUI
1590,40087130218,MUI
3708,3120016980617,MUI
3178,220073230715,MUI
2447,15190009191013,MUI
30428,,MUI
2443,15060027781017,MUI
3627,120083520617,MUI
32039,,MUI
33229,,MUI
32294,,MUI
3403,1522002770809,MUI
33217,,MUI
3541,120048941108,MUI
220,60082930517,MUI
3537,120081020117,MUI
2623,190062560912,MUI
223,60079741116,MUI
32302,,MUI
3539,120035930805,MUI
3445,330060350112,MUI
1534,40070951214,MUI
3548,120055990810,MUI
640,70083250617,MUI
32694,,MUI
3611,120076850516,MUI
1466,50030660704,MUI
1947,310074681115,MUI
2341,120074060915,MUI
1932,9070009021217,MUI
32727,,MUI
33213,,MUI
1532,40090410978,MUI
3443,3330018480917,MUI
2757,9170009001217,MUI
3527,120081130217,MUI
32380,,MUI
3517,120080351216,MUI
3388,230048730908,MUI
32038,,MUI
32382,,MUI
3524,120081110217,MUI
1934,310084810917,MUI
216,60063870113,MUI
32042,,MUI
3506,120082480417,MUI
3578,120085020917,MUI
3612,120078630916,MUI
33215,,MUI
3461,330073640815,MUI
3467,330079911116,MUI
33214,,MUI
2621,3190015050916,MUI
3448,330079721116,MUI
3515,120005360899,MUI
3579,120086261217,MUI
3468,3330015401016,MUI
33212,,MUI
1507,50033900405,MUI
3519,120080361216,MUI
3606,120068430314,MUI
31662,,MUI
1946,310063001012,MUI
3508,3120010540614,MUI
32696,,MUI
3131,220061010312,MUI
2622,190079031016,MUI
2340,120081380217,MUI
3554,120066981113,MUI
32299,,MUI
32041,,MUI
3526,120081120217,MUI
3399,230079751116,MUI
32415,,MUI
232,60076230316,MUI
3544,120080730117,MUI
642,70066521015,MUI
3464,3330018591117,MUI
3173,220073050615,MUI
32413,,MUI
3610,120067421213,MUI
3465,15080023071116,MUI
32037,,MUI
1361,80015120501,MUI
3398,230062170812,MUI
3170,220079701116,MUI
3557,120050070309,MUI
492,0,MUI
3402,230077370616,MUI
32043,,MUI
33211,,MUI
1936,310087000118,MUI
32740,,MUI
1366,3080015930217,MUI
32300,,MUI
3546,120079371016,MUI
1293,15060008910713,MUI
646,70065490613,MUI
493,0,MUI
1359,80016640801,MUI
231,60050200309,MUI
32726,,MUI
3584,120073090615,MUI
33219,,MUI
32191,,MUI
1938,310063620113,MUI
3404,230087040218,MUI
648,70076460316,MUI
1913,0,MUI
3550,120065950713,MUI
3604,120083860817,MUI
3401,230010180599,MUI
32695,,MUI
2620,1508002470517,MUI
3396,15220016130715,MUI
696,70080491216,MUI
645,70084770917,MUI
3594,120041370806,MUI
2651,15180024100317,MUI
1945,310073040615,MUI
3559,120074401015,MUI
2613,9190009001217,MUI
3444,4330022341116,MUI
643,70049730209,MUI
1914,0,MUI
227,60067710114,MUI
3603,120086431217,MUI
1354,15280000370605,MUI
2617,190069130514,MUI
33228,,MUI
3521,3120016590517,MUI
33216,,MUI
35216,,MUI
33691,,MUI
34724,,MUI
35212,,MUI
2607,190054190310,MUI
34106,,MUI
421,0,MUI
1461,50062300812,MUI
1384,80082610517,MUI
2343,120065820713,MUI
34682,,MUI
35190,,MUI
34434,,MUI
636,15200021620816,MUI
2612,190063401212,MUI
35214,,MUI
2346,120068710414,MUI
1673,320067071113,MUI
3393,230079321016,MUI
218,60085871117,MUI
2639,190082230417,MUI
35213,,MUI
1356,80074391015,MUI
35215,,MUI
1528,40062490812,MUI
35210,,MUI
2364,120059791111,MUI
2609,190070090914,MUI
2610,190083320617,MUI
1303,240068500314,MUI
639,9070008640717,MUI
35211,,MUI
1045,15020025290517,MUI
34362,,MUI
34681,,MUI
3405,230081910317,MUI
35209,,MUI
2608,190079261016,MUI
1039,30048420708,MUI
1046,30082860517,MUI
217,60086231217,MUI
2345,3120017590817,MUI
34679,,MUI
2354,120080011116,MUI
3394,230075520116,MUI
1959,310070230914,MUI
638,15200023171115,MUI
3130,220065630613,MUI
2342,15160023691216,MUI
34432,,MUI
3334,230068370314,MUI
1956,310087100218,MUI
1065,3030017690817,MUI
1041,30080571216,MUI
1067,3030016820517,MUI
36123,,MUI
2762,260068380314,MUI
1459,HC442/LPPOMMUI/X/2016,MUI
2360,120086031217,MUI
36378,,MUI
1529,40052150909,MUI
1066,3030015611216,MUI
36769,,MUI
181,60061020312,MUI
1957,9310004380912,MUI
36115,,MUI
2631,190081710317,MUI
1064,15020021580816,MUI
36442,,MUI
659,70047660408,MUI
36441,,MUI
36373,,MUI
37202,,MUI
2352,120087310218,MUI
1040,3030017120617,MUI
617,70063820113,MUI
3463,3330018050917,MUI
2359,120086640118,MUI
594,70054970510,MUI
36125,,MUI
1061,3030018230917,MUI
3336,230077960716,MUI
1527,40086341217,MUI
2351,120084630917,MUI
1068,3030014850916,MUI
36374,,MUI
1464,50044910807,MUI
3337,230083560617,MUI
1353,80068440314,MUI
3134,220076990516,MUI
36117,,MUI
619,70033390205,MUI
37210,,MUI
1675,320085010917,MUI
36443,,MUI
1385,80086600118,MUI
628,70038490206,MUI
2361,120044620607,MUI
180,60011830800,MUI
661,70047660408,MUI
634,15200022951016,MUI
1950,310069610714,MUI
609,70048720908,MUI
2636,190084090817,MUI
605,70064460313,MUI
36120,,MUI
3335,230081280217,MUI
36375,,MUI
36121,,MUI
1038,9030008801017,MUI
664,70064700413,MUI
3460,3330018460917,MUI
901,90000300799,MUI
616,70069740714,MUI
37211,,MUI
1357,80070120914,MUI
653,70073100615,MUI
37239,,MUI
37209,,MUI
182,HC514/LPPOMMUI/IV/2017,MUI
37207,,MUI
651,70025950903,MUI
36080,,MUI
606,70082420417,MUI
652,70064070213,MUI
1951,310053091209,MUI
1955,310058970811,MUI
2363,3120014510616,MUI
611,70042611206,MUI
1062,3030014650816,MUI
610,70031731004,MUI
36726,,MUI
595,70079541116,MUI
35718,,MUI
599,70077540616,MUI
657,70078370816,MUI
36082,,MUI
1525,40049430109,MUI
3462,330081720317,MUI
37212,,MUI
613,70055820610,MUI
601,70086531217,MUI
36111,,MUI
37206,,MUI
37208,,MUI
614,70063930113,MUI
1960,170018990102,MUI
1358,80077320616,MUI
1676,320076420316,MUI
600,70072080315,MUI
604,70059781111,MUI
36112,,MUI
37205,,MUI
2635,190073440815,MUI
2756,260087060218,MUI
615,70069740714,MUI
655,70077910716,MUI
654,70077910716,MUI
663,15200022240916,MUI
37204,,MUI
2198,190070521014,MUI
603,3070017720817,MUI
612,70027410104,MUI
2316,A,MUI
2629,190070891114,MUI
596,70060420212,MUI
602,70048270608,MUI
618,70081990317,MUI
1355,80059090911,MUI
1530,HC478/LPPOMMUI/II/2017,MUI
36114,,MUI
1302,240069810814,MUI
38094,,MUI
898,100059831111,MUI
39246,,MUI
38077,,MUI
1555,40020650602,MUI
38112,,MUI
1383,80068310214,MUI
1553,40067531213,MUI
1374,80073400715,MUI
3342,230048000508,MUI
39239,,MUI
39238,,MUI
2303,120083060517,MUI
2314,120082200417,MUI
1375,80061150412,MUI
37747,,MUI
38454,,MUI
1381,80060051211,MUI
1897,310053510110,MUI
39243,,MUI
940,70019020102,MUI
1059,30077000516,MUI
37745,,MUI
2630,190081060117,MUI
1953,3100355990705,MUI
936,70069020514,MUI
2625,190052731109,MUI
1377,80063910113,MUI
39247,,MUI
2357,120084600917,MUI
38096,,MUI
38737,,MUI
38095,,MUI
2761,260070631014,MUI
38100,,MUI
1546,40079591116,MUI
948,70061850612,MUI
39208,,MUI
39244,,MUI
38110,,MUI
947,70078610816,MUI
1379,80073990915,MUI
37742,,MUI
39250,,MUI
38079,,MUI
2312,120084990917,MUI
2626,190066611013,MUI
2356,120070050914,MUI
2628,190006260897,MUI
178,60085911117,MUI
2304,15030014600215,MUI
2302,120078290816,MUI
658,70081460317,MUI
184,60061440512,MUI
2305,120070851114,MUI
2627,190081950317,MUI
1373,80067950114,MUI
38097,,MUI
39245,,MUI
1954,310061170412,MUI
39249,,MUI
39241,,MUI
38076,,MUI
37743,,MUI
1330,80064800413,MUI
173,60085611117,MUI
38104,,MUI
39237,,MUI
38098,,MUI
939,70019020102,MUI
40119,,MUI
2588,190080261216,MUI
40122,,MUI
41220,,MUI
1327,80059511111,MUI
40110,,MUI
476,151000023950217,MUI
39753,,MUI
2311,15160025420517,MUI
41227,,MUI
40117,,MUI
2600,190046900208,MUI
3118,220047110208,MUI
2333,120061260312,MUI
2310,120082830517,MUI
2281,120082510417,MUI
41239,,MUI
2274,120079571116,MUI
172,3060016860517,MUI
40121,,MUI
1893,310084310817,MUI
2325,120046460108,MUI
2326,15160007570113,MUI
2320,21160005210517,MUI
3338,230072940615,MUI
40093,,MUI
41238,,MUI
40087,,MUI
40116,,MUI
40443,,MUI
40092,,MUI
40123,,MUI
174,15200021610816,MUI
41226,,MUI
41224,,MUI
2597,190073170615,MUI
185,60007870398,MUI
1545,40054010210,MUI
40765,,MUI
41237,,MUI
960,70046800208,MUI
40095,,MUI
40094,,MUI
563,60081180217,MUI
2971,70073720915,MUI
1462,50062290812,MUI
40795,,MUI
40796,,MUI
1019,30076680416,MUI
40120,,MUI
40202,,MUI
2330,15060021520816,MUI
2784,260067201213,MUI
40198,,MUI
1892,310069630714,MUI
40089,,MUI
2974,70084130817,MUI
40088,,MUI
40118,,MUI
2968,9060008610717,MUI
1890,310063840113,MUI
2595,190063021012,MUI
958,70080521216,MUI
2584,15060015050515,MUI
2324,15160003770710,MUI
2589,15120021840816,MUI
43293,,MUI
42867,,MUI
188,15200007550113,MUI
43294,,MUI
957,70055840810,MUI
2580,15060028731217,MUI
564,60082900517,MUI
570,60006430997,MUI
175,3060014830916,MUI
2277,21160004811116,MUI
2278,15030026050817,MUI
943,15210023391116,MUI
2331,120026481003,MUI
192,3060015040916,MUI
3458,330084870917,MUI
2327,120070961214,MUI
42469,,MUI
43296,,MUI
2328,15160008350513,MUI
938,70084920917,MUI
2134,320083310617,MUI
569,60086251217,MUI
2329,15160016270815,MUI
42483,,MUI
189,1061201680118,MUI
41728,,MUI
41746,,MUI
952,70072540515,MUI
955,70071440115,MUI
43300,,MUI
1899,310058730711,MUI
42470,,MUI
1886,310077580616,MUI
42468,,MUI
42467,,MUI
2578,15060024770517,MUI
195,60012550600,MUI
2574,7190025370315,MUI
176,15200028281117,MUI
1329,80086910118,MUI
1060,30084830917,MUI
3567,90084950917,MUI
2969,70073680815,MUI
42823,,MUI
42464,,MUI
2759,260081070117,MUI
1018,3030017030617,MUI
1891,310086121217,MUI
2308,9120006080115,MUI
2973,70083690717,MUI
191,15200024860517,MUI
964,70070351014,MUI
1896,310056551110,MUI
903,120059501111,MUI
2332,120082950517,MUI
942,70084890917,MUI
3566,90078690916,MUI
177,3060017660817,MUI
1020,30076010316,MUI
1540,40028580304,MUI
42461,,MUI
193,15200023551216,MUI
2575,15140024370417,MUI
1888,310083440617,MUI
190,9060006630815,MUI
951,70058510611,MUI
2760,260028140104,MUI
2594,190083050517,MUI
941,70054420310,MUI
1456,50062310812,MUI
2160,190061880612,MUI
196,3060015070916,MUI
3122,9220004740713,MUI
2273,15160021600816,MUI
2972,70062340812,MUI
2283,120065230513,MUI
393,15100027711017,MUI
3459,330073360715,MUI
2280,120064850413,MUI
2783,260049330109,MUI
571,3060017000617,MUI
187,15200025620617,MUI
43299,,MUI
1895,310053960210,MUI
3132,220056591110,MUI
42474,,MUI
2576,15060023601216,MUI
1021,3030014640816,MUI
2587,15120024540517,MUI
2579,9190008760917,MUI
42822,,MUI
42224,,MUI
954,70055440610,MUI
937,70064230213,MUI
2271,9120006640815,MUI
1057,15200022220916,MUI
3340,230077800616,MUI
1548,40068930514,MUI
42225,,MUI
2309,15140024390417,MUI
41744,,MUI
2276,7120039200417,MUI
962,70049261208,MUI
42465,,MUI
956,70071291214,MUI
42825,,MUI
944,70047390308,MUI
186,60063570113,MUI
43298,,MUI
42222,,MUI
42473,,MUI
2583,15060028271117,MUI
959,70073290715,MUI
2292,3120018350917,MUI
44847,,MUI
1011,30008320698,MUI
3356,230053940210,MUI
3140,15070023281116,MUI
2933,70042631206,MUI
567,60078720916,MUI
2286,3120017040617,MUI
577,60080321216,MUI
1321,80070110914,MUI
2598,190073560815,MUI
1017,30086900118,MUI
45281,,MUI
45282,,MUI
3359,230069210614,MUI
44500,,MUI
3331,230051260809,MUI
2976,15210016140715,MUI
44845,,MUI
2247,120086810118,MUI
1486,9040008680817,MUI
45283,,MUI
579,60060700212,MUI
2606,190086700118,MUI
2596,190071720115,MUI
2288,3120015331016,MUI
2981,70077770616,MUI
3332,230068580314,MUI
45287,,MUI
1031,15200022200916,MUI
3351,310072370415,MUI
1889,310028550304,MUI
45285,,MUI
44895,,MUI
2931,70078880916,MUI
562,60083190617,MUI
3333,230054900510,MUI
44535,,MUI
1491,40083530617,MUI
1547,40077300616,MUI
565,60078990916,MUI
1541,HS1A5464/052016/SKU,MUI
3358,230035860505,MUI
3047,190086930118,MUI
2978,70040880606,MUI
2074,310081540317,MUI
2928,70073430815,MUI
561,60056541110,MUI
43848,,MUI
45279,,MUI
43849,,MUI
2599,190058280411,MUI
3048,190086990118,MUI
2935,70086660118,MUI
568,60074561115,MUI
2975,70034940605,MUI
2967,70040880606,MUI
1543,40084860917,MUI
2924,70053121209,MUI
587,60070991214,MUI
2287,3120016960617,MUI
2591,190072840615,MUI
566,60068640314,MUI
2605,190083920817,MUI
1542,1041027501007,MUI
2925,70077490616,MUI
2279,3120015281016,MUI
2930,70071520115,MUI
3355,230076510416,MUI
2932,70017320901,MUI
45280,,MUI
1489,40083220617,MUI
47275,,MUI
2297,8120005820913,MUI
3152,220055610710,MUI
3438,330082660517,MUI
3114,220077280616,MUI
2249,120058720711,MUI
2132,15050026610817,MUI
2295,3120015291016,MUI
45818,,MUI
3597,15120004330511,MUI
2259,120040080506,MUI
3052,190079481116,MUI
3362,230086780118,MUI
2778,260080461216,MUI
2251,120080740117,MUI
3435,15060027851017,MUI
2248,120082920517,MUI
3096,9220006070115,MUI
576,60015470501,MUI
3055,3190015721216,MUI
46822,,MUI
3148,220078060816,MUI
580,60047630408,MUI
3056,190082600517,MUI
2927,70022451002,MUI
2290,3120015641216,MUI
1032,30040470606,MUI
3059,15060022881016,MUI
3063,3190016780517,MUI
2296,120082450417,MUI
2246,3120017150617,MUI
47273,,MUI
3113,15070003100305,MUI
47301,,MUI
2934,70058910811,MUI
3138,220071301214,MUI
3051,190070371014,MUI
3143,220085991117,MUI
1919,310080221216,MUI
585,9060004370912,MUI
3085,15070025560617,MUI
584,60079981116,MUI
3149,220050660509,MUI
2926,70058960811,MUI
2291,21160005081216,MUI
45819,,MUI
586,60078790916,MUI
1012,30080611216,MUI
1027,30083080517,MUI
2136,15050021740816,MUI
1322,80063221112,MUI
3054,9190008791017,MUI
2947,70044580707,MUI
2243,15160025690617,MUI
46520,,MUI
2125,320080431216,MUI
2250,120076600416,MUI
1320,80054930510,MUI
46454,,MUI
3120,15070024350417,MUI
3135,15070021550816,MUI
1033,15020024790517,MUI
3136,15070027891017,MUI
3343,230076860516,MUI
575,15200027721017,MUI
1034,9100007710316,MUI
3137,220081260217,MUI
3088,220077230616,MUI
46453,,MUI
3363,230073470815,MUI
47272,,MUI
1325,80073520815,MUI
2289,3120016560517,MUI
1319,21180004891116,MUI
3115,220011351199,MUI
2253,120075710216,MUI
3097,9220005780914,MUI
1481,40047600408,MUI
2122,15050025020517,MUI
3142,220066441015,MUI
1035,15020016320815,MUI
1026,15020028251117,MUI
2946,70082170417,MUI
3141,220005210497,MUI
2245,120012630600,MUI
1318,80048120608,MUI
1324,15180028651217,MUI
2242,3120014610816,MUI
1016,3030016930617,MUI
2126,15050027761017,MUI
2124,15050024880517,MUI
2241,9120002630709,MUI
3090,220010160499,MUI
1917,310057311111,MUI
3084,220084270817,MUI
3060,9190004320712,MUI
48492,,MUI
1479,40085261017,MUI
2264,15160022110916,MUI
48796,,MUI
48801,,MUI
2776,260071191214,MUI
1323,80080641216,MUI
2257,15160028581217,MUI
2777,260068890414,MUI
2941,70047530408,MUI
1915,310065160513,MUI
2949,70082320417,MUI
48800,,MUI
2944,70018461201,MUI
3353,230049550109,MUI
2940,70076900516,MUI
2950,70055570710,MUI
48498,,MUI
48524,,MUI
47821,,MUI
2261,15140024410417,MUI
2262,15250023401116,MUI
49234,,MUI
2263,120065430613,MUI
1301,240050950609,MUI
1030,30080591216,MUI
583,15200022521016,MUI
3434,330056200810,MUI
47822,,MUI
2951,70083830817,MUI
1484,40083870817,MUI
2948,70046330108,MUI
48493,,MUI
1346,80014550201,MUI
1916,310084460817,MUI
48500,,MUI
3361,230049860209,MUI
48499,,MUI
2900,70074231015,MUI
3081,220057940311,MUI
2943,70082340417,MUI
48830,,MUI
3074,190080601216,MUI
582,60072450415,MUI
3087,220077700616,MUI
3050,190012990700,MUI
1907,310086511217,MUI
3072,190084190817,MUI
2258,15160023731216,MUI
1905,310069090514,MUI
49233,,MUI
1344,15180012881114,MUI
48494,,MUI
3354,230052200909,MUI
2945,70027281103,MUI
48426,,MUI
1906,310072510515,MUI
49853,,MUI
51083,,MUI
828,15020024040317,MUI
867,15320000040806,MUI
3542,15100023231116,MUI
52604,,MUI
3288,310070871114,MUI
413,15100023201116,MUI
2007,190084150817,MUI
2003,190073420715,MUI
1115,3030016270417,MUI
2894,230081670317,MUI
1925,190084960917,MUI
1113,30060410212,MUI
2113,310055850810,MUI
56655,,MUI
58904,,MUI
3034,220082880517,MUI
58911,,MUI
2063,310082810517,MUI
536,70066000713,MUI
1457,320050930609,MUI
2176,190057240111,MUI
1678,320048060508,MUI
60079,,MUI
60625,,MUI
2558,190078530816,MUI
1986,310055140610,MUI
2235,260077730616,MUI
3198,15220025790717,MUI
1079,15020007371112,MUI
65103,,MUI
1095,9030008670817,MUI
1096,30080760117,MUI
66526,,MUI
251,15200016270815,MUI
66846,,MUI
1776,152200010760314,MUI
68477,,MUI
2453,190062280812,MUI
3155,220059381011,MUI
1531,40083480617,MUI
1382,80062060712,MUI
76572,,MUI
1952,310035590705,MUI
2358,9120008770917,MUI
2637,190078310816,MUI
1961,310083240617,MUI
1378,80084260817,MUI
2590,190061430512,MUI
2275,15160026220817,MUI
3112,15070004180111,MUI
1014,30076070316,MUI
1013,30068600314,MUI
2260,9120008871117,MUI
3080,220067930114,MUI
